1,22.0
2,21.0
3,14.0
4,4.0
5,24.0
6,11.0
7,4.0
8,0.0
9,2.0
10,10.0
11,9.0
12,9.0
13,8.0
14,5.0
15,12.0
16,2.0
17,15.0
18,22.0
19,14.0
20,9.0
21,5.0
22,15.0
23,14.0
24,3.0
25,14.0
26,10.0
27,1.0
28,12.0
29,10.0
30,24.0
31,8.0
32,10.0
33,22.0
34,13.0
35,4.0
36,16.0
37,13.0
38,12.0
39,18.0
40,20.0
41,14.0
42,11.0
43,20.0
44,3.0
45,20.0
46,6.0
47,22.0
48,15.0
49,24.0
50,7.0
51,4.0
52,22.0
53,7.0
54,19.0
55,13.0
56,12.0
57,3.0
58,18.0
59,9.0
60,0.0
61,18.0
62,9.0
63,2.0
64,0.0
65,0.0
66,5.0
67,5.0
68,11.0
69,15.0
70,10.0
71,7.0
72,6.0
73,19.0
74,10.0
75,5.0
76,21.0
77,8.0
78,3.0
79,19.0
80,16.0
81,19.0
82,17.0
83,11.0
84,4.0
85,20.0
86,16.0
87,12.0
88,8.0
89,4.0
90,5.0
91,8.0
92,17.0
93,20.0
94,11.0
95,7.0
96,9.0
97,6.0
98,17.0
99,22.0
100,2.0
101,0.0
102,10.0
103,5.0
104,8.0
105,24.0
106,4.0
107,20.0
108,0.0
109,11.0
110,1.0
111,7.0
112,8.0
113,3.0
114,6.0
115,0.0
116,21.0
117,10.0
118,17.0
119,17.0
120,0.0
121,6.0
122,18.0
123,2.0
124,23.0
125,19.0
126,6.0
127,24.0
128,22.0
129,13.0
130,4.0
131,12.0
132,5.0
133,8.0
134,9.0
135,12.0
136,16.0
137,3.0
138,15.0
139,20.0
140,1.0
141,0.0
142,15.0
143,17.0
144,11.0
145,20.0
146,16.0
147,3.0
148,12.0
149,4.0
150,5.0
151,21.0
152,16.0
153,4.0
154,18.0
155,10.0
156,23.0
157,3.0
158,4.0
159,3.0
160,13.0
161,11.0
162,4.0
163,13.0
164,22.0
165,11.0
166,8.0
167,24.0
168,0.0
169,19.0
170,16.0
171,14.0
172,6.0
173,20.0
174,5.0
175,1.0
176,2.0
177,20.0
178,16.0
179,22.0
180,18.0
181,2.0
182,20.0
183,13.0
184,1.0
185,8.0
186,19.0
187,14.0
188,17.0
189,14.0
190,4.0
191,17.0
192,2.0
193,15.0
194,3.0
195,11.0
196,16.0
197,1.0
198,13.0
199,14.0
200,11.0
201,11.0
202,24.0
203,5.0
204,24.0
205,19.0
206,24.0
207,5.0
208,9.0
209,5.0
210,2.0
211,17.0
212,15.0
213,4.0
214,16.0
215,19.0
216,12.0
217,24.0
218,22.0
219,9.0
220,20.0
221,20.0
222,14.0
223,10.0
224,8.0
225,1.0
226,5.0
227,13.0
228,23.0
229,9.0
230,18.0
231,17.0
232,15.0
233,8.0
234,24.0
235,14.0
236,10.0
237,14.0
238,17.0
239,18.0
240,5.0
241,1.0
242,3.0
243,10.0
244,0.0
245,10.0
246,11.0
247,0.0
248,3.0
249,16.0
250,17.0
251,4.0
252,7.0
253,19.0
254,1.0
255,9.0
256,5.0
257,10.0
258,4.0
259,22.0
260,12.0
261,22.0
262,18.0
263,6.0
264,23.0
265,12.0
266,13.0
267,20.0
268,13.0
269,21.0
270,13.0
271,11.0
272,0.0
273,17.0
274,9.0
275,23.0
276,1.0
277,17.0
278,19.0
279,14.0
280,3.0
281,12.0
282,4.0
283,12.0
284,14.0
285,19.0
286,20.0
287,18.0
288,20.0
289,24.0
290,18.0
291,20.0
292,13.0
293,10.0
294,18.0
295,4.0
296,11.0
297,15.0
298,11.0
299,19.0
300,5.0
301,2.0
302,14.0
303,3.0
304,8.0
305,20.0
306,22.0
307,6.0
308,2.0
309,10.0
310,12.0
311,24.0
312,16.0
313,15.0
314,22.0
315,7.0
316,14.0
317,19.0
318,9.0
319,8.0
320,0.0
321,10.0
322,12.0
323,2.0
324,22.0
325,8.0
326,15.0
327,18.0
328,18.0
329,3.0
330,1.0
331,7.0
332,5.0
333,20.0
334,10.0
335,4.0
336,1.0
337,21.0
338,8.0
339,9.0
340,14.0
341,4.0
342,9.0
343,7.0
344,8.0
345,13.0
346,4.0
347,15.0
348,20.0
349,17.0
350,23.0
351,23.0
352,8.0
353,12.0
354,17.0
355,21.0
356,14.0
357,20.0
358,8.0
359,12.0
360,13.0
361,7.0
362,14.0
363,9.0
364,23.0
365,2.0
366,15.0
367,3.0
368,5.0
369,21.0
370,18.0
371,13.0
372,19.0
373,19.0
374,11.0
375,3.0
376,7.0
377,24.0
378,1.0
379,4.0
380,17.0
381,21.0
382,17.0
383,24.0
384,22.0
385,20.0
386,11.0
387,9.0
388,12.0
389,24.0
390,6.0
391,17.0
392,14.0
393,10.0
394,22.0
395,15.0
396,24.0
397,15.0
398,21.0
399,1.0
400,15.0
401,18.0
402,5.0
403,3.0
404,13.0
405,19.0
406,13.0
407,7.0
408,21.0
409,5.0
410,17.0
411,23.0
412,15.0
413,5.0
414,18.0
415,14.0
416,16.0
417,7.0
418,14.0
419,15.0
420,20.0
421,8.0
422,4.0
423,23.0
424,14.0
425,6.0
426,15.0
427,21.0
428,14.0
429,10.0
430,15.0
431,19.0
432,10.0
433,14.0
434,5.0
435,16.0
436,4.0
437,13.0
438,1.0
439,12.0
440,16.0
441,8.0
442,8.0
443,6.0
444,11.0
445,3.0
446,19.0
447,20.0
448,21.0
449,17.0
450,1.0
451,18.0
452,5.0
453,8.0
454,4.0
455,22.0
456,1.0
457,14.0
458,13.0
459,11.0
460,4.0
461,18.0
462,5.0
463,7.0
464,0.0
465,11.0
466,22.0
467,5.0
468,7.0
469,16.0
470,3.0
471,22.0
472,24.0
473,17.0
474,20.0
475,21.0
476,5.0
477,21.0
478,5.0
479,19.0
480,4.0
481,2.0
482,10.0
483,18.0
484,14.0
485,8.0
486,24.0
487,14.0
488,21.0
489,12.0
490,21.0
491,11.0
492,5.0
493,14.0
494,18.0
495,13.0
496,4.0
497,7.0
498,7.0
499,18.0
500,17.0
501,24.0
502,5.0
503,2.0
504,23.0
505,24.0
506,15.0
507,9.0
508,3.0
509,16.0
510,18.0
511,11.0
512,10.0
513,16.0
514,14.0
515,12.0
516,11.0
517,8.0
518,5.0
519,19.0
520,21.0
521,22.0
522,18.0
523,15.0
524,12.0
525,23.0
526,21.0
527,17.0
528,21.0
529,2.0
530,7.0
531,8.0
532,8.0
533,11.0
534,14.0
535,24.0
536,3.0
537,13.0
538,14.0
539,9.0
540,2.0
541,7.0
542,11.0
543,8.0
544,1.0
545,6.0
546,2.0
547,23.0
548,17.0
549,24.0
550,11.0
551,19.0
552,1.0
553,1.0
554,23.0
555,20.0
556,22.0
557,9.0
558,21.0
559,17.0
560,21.0
561,12.0
562,24.0
563,1.0
564,21.0
565,22.0
566,9.0
567,5.0
568,7.0
569,15.0
570,6.0
571,23.0
572,20.0
573,15.0
574,18.0
575,15.0
576,9.0
577,12.0
578,9.0
579,10.0
580,19.0
581,3.0
582,13.0
583,19.0
584,15.0
585,3.0
586,22.0
587,15.0
588,14.0
589,15.0
590,2.0
591,3.0
592,8.0
593,23.0
594,2.0
595,23.0
596,7.0
597,17.0
598,15.0
599,12.0
600,9.0
601,2.0
602,15.0
603,15.0
604,4.0
605,10.0
606,14.0
607,14.0
608,8.0
609,24.0
610,9.0
611,2.0
612,5.0
613,11.0
614,8.0
615,2.0
616,19.0
617,0.0
618,6.0
619,13.0
620,8.0
621,6.0
622,10.0
623,10.0
624,3.0
625,8.0
626,11.0
627,8.0
628,21.0
629,16.0
630,17.0
631,9.0
632,1.0
633,7.0
634,24.0
635,5.0
636,10.0
637,17.0
638,3.0
639,6.0
640,10.0
641,10.0
642,17.0
643,10.0
644,1.0
645,14.0
646,6.0
647,0.0
648,13.0
649,0.0
650,10.0
651,24.0
652,10.0
653,9.0
654,21.0
655,9.0
656,14.0
657,13.0
658,9.0
659,7.0
660,16.0
661,6.0
662,18.0
663,12.0
664,4.0
665,8.0
666,11.0
667,24.0
668,11.0
669,21.0
670,12.0
671,23.0
672,23.0
673,21.0
674,2.0
675,12.0
676,7.0
677,2.0
678,18.0
679,8.0
680,21.0
681,5.0
682,9.0
683,18.0
684,20.0
685,0.0
686,24.0
687,13.0
688,2.0
689,9.0
690,12.0
691,10.0
692,11.0
693,1.0
694,20.0
695,6.0
696,5.0
697,9.0
698,15.0
699,8.0
700,19.0
701,16.0
702,8.0
703,13.0
704,20.0
705,8.0
706,18.0
707,21.0
708,24.0
709,7.0
710,21.0
711,17.0
712,22.0
713,17.0
714,1.0
715,8.0
716,7.0
717,24.0
718,4.0
719,8.0
720,22.0
721,0.0
722,4.0
723,7.0
724,19.0
725,15.0
726,24.0
727,24.0
728,1.0
729,16.0
730,20.0
731,17.0
732,12.0
733,2.0
734,11.0
735,22.0
736,22.0
737,15.0
738,14.0
739,21.0
740,10.0
741,17.0
742,21.0
743,2.0
744,10.0
745,17.0
746,14.0
747,4.0
748,2.0
749,19.0
750,13.0
751,2.0
752,3.0
753,10.0
754,17.0
755,7.0
756,15.0
757,9.0
758,0.0
759,24.0
760,21.0
761,13.0
762,6.0
763,14.0
764,21.0
765,18.0
766,10.0
767,3.0
768,6.0
769,1.0
770,4.0
771,5.0
772,20.0
773,7.0
774,17.0
775,16.0
776,8.0
777,7.0
778,20.0
779,9.0
780,16.0
781,18.0
782,10.0
783,17.0
784,16.0
785,14.0
786,9.0
787,20.0
788,17.0
789,11.0
790,15.0
791,0.0
792,15.0
793,6.0
794,4.0
795,1.0
796,17.0
797,24.0
798,17.0
799,21.0
800,24.0
801,23.0
802,15.0
803,8.0
804,24.0
805,18.0
806,4.0
807,19.0
808,13.0
809,24.0
810,12.0
811,21.0
812,12.0
813,10.0
814,8.0
815,8.0
816,16.0
817,2.0
818,14.0
819,13.0
820,11.0
821,20.0
822,14.0
823,22.0
824,18.0
825,13.0
826,3.0
827,9.0
828,3.0
829,11.0
830,11.0
831,20.0
832,11.0
833,3.0
834,14.0
835,20.0
836,10.0
837,18.0
838,11.0
839,10.0
840,24.0
841,24.0
842,23.0
843,22.0
844,11.0
845,22.0
846,4.0
847,24.0
848,4.0
849,1.0
850,18.0
851,9.0
852,14.0
853,9.0
854,6.0
855,1.0
856,2.0
857,11.0
858,16.0
859,11.0
860,21.0
861,11.0
862,13.0
863,20.0
864,0.0
865,5.0
866,21.0
867,7.0
868,15.0
869,4.0
870,23.0
871,5.0
872,12.0
873,20.0
874,11.0
875,8.0
876,23.0
877,3.0
878,8.0
879,11.0
880,24.0
881,0.0
882,22.0
883,7.0
884,22.0
885,8.0
886,12.0
887,3.0
888,11.0
889,12.0
890,6.0
891,8.0
892,11.0
893,14.0
894,5.0
895,13.0
896,5.0
897,0.0
898,17.0
899,3.0
900,20.0
901,10.0
902,4.0
903,2.0
904,7.0
905,16.0
906,7.0
907,3.0
908,5.0
909,2.0
910,21.0
911,14.0
912,24.0
913,4.0
914,0.0
915,24.0
916,12.0
917,6.0
918,5.0
919,4.0
920,20.0
921,24.0
922,9.0
923,17.0
924,4.0
925,22.0
926,17.0
927,3.0
928,23.0
929,20.0
930,5.0
931,18.0
932,16.0
933,22.0
934,17.0
935,5.0
936,6.0
937,5.0
938,5.0
939,16.0
940,22.0
941,19.0
942,2.0
943,10.0
944,15.0
945,4.0
946,17.0
947,23.0
948,13.0
949,23.0
950,15.0
951,13.0
952,3.0
953,6.0
954,19.0
955,19.0
956,24.0
957,19.0
958,1.0
959,16.0
960,6.0
961,9.0
962,16.0
963,16.0
964,19.0
965,18.0
966,14.0
967,22.0
968,8.0
969,6.0
970,14.0
971,4.0
972,20.0
973,23.0
974,1.0
975,24.0
976,18.0
977,4.0
978,24.0
979,18.0
980,11.0
981,0.0
982,3.0
983,11.0
984,14.0
985,15.0
986,20.0
987,19.0
988,9.0
989,21.0
990,15.0
991,21.0
992,24.0
993,3.0
994,23.0
995,3.0
996,6.0
997,19.0
998,20.0
999,18.0
1000,2.0
