1,8.0
2,7.0
3,12.0
4,7.0
5,14.0
6,14.0
7,10.0
8,8.0
9,15.0
10,12.0
11,8.0
12,14.0
13,9.0
14,14.0
15,15.0
16,9.0
17,7.0
18,15.0
19,9.0
20,13.0
21,15.0
22,8.0
23,15.0
24,14.0
25,11.0
26,16.0
27,12.0
28,9.0
29,5.0
30,14.0
31,16.0
32,7.0
33,14.0
34,9.0
35,14.0
36,13.0
37,15.0
38,15.0
39,10.0
40,9.0
41,10.0
42,14.0
43,11.0
44,7.0
45,12.0
46,10.0
47,11.0
48,15.0
49,7.0
50,13.0
51,11.0
52,8.0
53,9.0
54,10.0
55,9.0
56,13.0
57,7.0
58,8.0
59,9.0
60,10.0
61,14.0
62,8.0
63,15.0
64,12.0
65,8.0
66,15.0
67,15.0
68,13.0
69,12.0
70,16.0
71,8.0
72,12.0
73,8.0
74,7.0
75,11.0
76,9.0
77,12.0
78,14.0
79,15.0
80,14.0
81,11.0
82,15.0
83,16.0
84,7.0
85,15.0
86,8.0
87,12.0
88,15.0
89,12.0
90,7.0
91,10.0
92,13.0
93,10.0
94,14.0
95,16.0
96,11.0
97,12.0
98,12.0
99,12.0
100,12.0
101,15.0
102,13.0
103,10.0
104,9.0
105,15.0
106,16.0
107,14.0
108,16.0
109,9.0
110,15.0
111,12.0
112,9.0
113,9.0
114,10.0
115,8.0
116,16.0
117,14.0
118,11.0
119,7.0
120,10.0
121,14.0
122,16.0
123,12.0
124,9.0
125,16.0
126,7.0
127,16.0
128,14.0
129,14.0
130,11.0
131,16.0
132,14.0
133,7.0
134,14.0
135,15.0
136,7.0
137,7.0
138,11.0
139,12.0
140,8.0
141,13.0
142,14.0
143,11.0
144,16.0
145,12.0
146,11.0
147,11.0
148,16.0
149,13.0
150,12.0
151,13.0
152,15.0
153,16.0
154,9.0
155,13.0
156,8.0
157,14.0
158,11.0
159,10.0
160,9.0
161,13.0
162,16.0
163,8.0
164,8.0
165,14.0
166,15.0
167,8.0
168,12.0
169,15.0
170,9.0
171,13.0
172,16.0
173,7.0
174,13.0
175,12.0
176,7.0
177,9.0
178,13.0
179,13.0
180,15.0
181,9.0
182,14.0
183,13.0
184,14.0
185,16.0
186,12.0
187,12.0
188,14.0
189,13.0
190,10.0
191,15.0
192,14.0
193,8.0
194,14.0
195,10.0
196,12.0
197,9.0
198,15.0
199,10.0
200,14.0
201,7.0
202,10.0
203,11.0
204,16.0
205,10.0
206,7.0
207,15.0
208,16.0
209,15.0
210,16.0
211,7.0
212,14.0
213,10.0
214,11.0
215,14.0
216,10.0
217,10.0
218,8.0
219,7.0
220,13.0
221,9.0
222,12.0
223,14.0
224,7.0
225,9.0
226,9.0
227,10.0
228,16.0
229,13.0
230,13.0
231,15.0
232,12.0
233,8.0
234,7.0
235,9.0
236,12.0
237,16.0
238,16.0
239,16.0
240,8.0
241,11.0
242,11.0
243,12.0
244,10.0
245,14.0
246,13.0
247,7.0
248,12.0
249,16.0
250,15.0
251,12.0
252,12.0
253,7.0
254,7.0
255,11.0
256,16.0
257,15.0
258,16.0
259,15.0
260,9.0
261,15.0
262,16.0
263,14.0
264,8.0
265,15.0
266,15.0
267,15.0
268,7.0
269,10.0
270,9.0
271,10.0
272,9.0
273,7.0
274,11.0
275,11.0
276,11.0
277,12.0
278,10.0
279,11.0
280,7.0
281,13.0
282,10.0
283,13.0
284,13.0
285,14.0
286,16.0
287,7.0
288,15.0
289,13.0
290,12.0
291,11.0
292,9.0
293,9.0
294,13.0
295,16.0
296,15.0
297,7.0
298,16.0
299,16.0
300,7.0
301,12.0
302,13.0
303,11.0
304,12.0
305,13.0
306,8.0
307,16.0
308,13.0
309,10.0
310,14.0
311,11.0
312,11.0
313,16.0
314,15.0
315,8.0
316,16.0
317,14.0
318,11.0
319,16.0
320,10.0
321,9.0
322,11.0
323,9.0
324,12.0
325,14.0
326,16.0
327,9.0
328,7.0
329,12.0
330,13.0
331,7.0
332,11.0
333,13.0
334,16.0
335,8.0
336,8.0
337,13.0
338,7.0
339,16.0
340,14.0
341,11.0
342,9.0
343,8.0
344,14.0
345,14.0
346,14.0
347,12.0
348,11.0
349,14.0
350,10.0
351,8.0
352,8.0
353,11.0
354,7.0
355,15.0
356,10.0
357,7.0
358,15.0
359,9.0
360,16.0
361,16.0
362,15.0
363,15.0
364,16.0
365,7.0
366,11.0
367,7.0
368,10.0
369,14.0
370,14.0
371,13.0
372,8.0
373,14.0
374,13.0
375,10.0
376,13.0
377,14.0
378,8.0
379,14.0
380,14.0
381,13.0
382,10.0
383,11.0
384,14.0
385,9.0
386,11.0
387,11.0
388,7.0
389,8.0
390,14.0
391,8.0
392,11.0
393,12.0
394,8.0
395,9.0
396,9.0
397,13.0
398,14.0
399,11.0
400,7.0
401,13.0
402,14.0
403,11.0
404,9.0
405,11.0
406,12.0
407,8.0
408,16.0
409,10.0
410,12.0
411,8.0
412,14.0
413,10.0
414,12.0
415,15.0
416,15.0
417,8.0
418,14.0
419,14.0
420,10.0
421,7.0
422,8.0
423,16.0
424,8.0
425,9.0
426,8.0
427,11.0
428,10.0
429,15.0
430,13.0
431,8.0
432,9.0
433,7.0
434,8.0
435,13.0
436,14.0
437,12.0
438,14.0
439,12.0
440,9.0
441,10.0
442,13.0
443,11.0
444,10.0
445,14.0
446,10.0
447,7.0
448,7.0
449,12.0
450,13.0
451,8.0
452,12.0
453,16.0
454,10.0
455,9.0
456,16.0
457,14.0
458,11.0
459,16.0
460,8.0
461,14.0
462,16.0
463,10.0
464,16.0
465,11.0
466,7.0
467,11.0
468,10.0
469,15.0
470,8.0
471,7.0
472,14.0
473,14.0
474,16.0
475,8.0
476,16.0
477,14.0
478,15.0
479,12.0
480,15.0
481,11.0
482,12.0
483,7.0
484,12.0
485,12.0
486,16.0
487,8.0
488,11.0
489,15.0
490,7.0
491,13.0
492,7.0
493,13.0
494,15.0
495,8.0
496,16.0
497,16.0
498,9.0
499,11.0
500,8.0
501,15.0
502,13.0
503,8.0
504,7.0
505,11.0
506,8.0
507,16.0
508,15.0
509,9.0
510,15.0
511,9.0
512,9.0
513,11.0
514,10.0
515,8.0
516,13.0
517,15.0
518,10.0
519,15.0
520,9.0
521,10.0
522,9.0
523,8.0
524,14.0
525,13.0
526,16.0
527,13.0
528,8.0
529,13.0
530,15.0
531,8.0
532,7.0
533,16.0
534,15.0
535,12.0
536,14.0
537,14.0
538,10.0
539,13.0
540,10.0
541,7.0
542,10.0
543,9.0
544,12.0
545,15.0
546,12.0
547,7.0
548,13.0
549,10.0
550,8.0
551,11.0
552,15.0
553,11.0
554,13.0
555,14.0
556,8.0
557,16.0
558,10.0
559,9.0
560,10.0
561,10.0
562,16.0
563,9.0
564,9.0
565,11.0
566,15.0
567,16.0
568,12.0
569,16.0
570,13.0
571,14.0
572,13.0
573,13.0
574,7.0
575,15.0
576,7.0
577,10.0
578,11.0
579,10.0
580,13.0
581,14.0
582,12.0
583,9.0
584,9.0
585,16.0
586,12.0
587,14.0
588,15.0
589,15.0
590,7.0
591,16.0
592,11.0
593,7.0
594,8.0
595,12.0
596,9.0
597,14.0
598,13.0
599,11.0
600,16.0
601,12.0
602,15.0
603,15.0
604,9.0
605,7.0
606,11.0
607,7.0
608,11.0
609,7.0
610,12.0
611,7.0
612,14.0
613,12.0
614,11.0
615,12.0
616,12.0
617,10.0
618,15.0
619,11.0
620,14.0
621,9.0
622,11.0
623,12.0
624,10.0
625,10.0
626,15.0
627,13.0
628,7.0
629,15.0
630,13.0
631,11.0
632,10.0
633,9.0
634,15.0
635,8.0
636,12.0
637,15.0
638,16.0
639,13.0
640,11.0
641,14.0
642,9.0
643,11.0
644,14.0
645,14.0
646,15.0
647,16.0
648,8.0
649,12.0
650,10.0
651,9.0
652,14.0
653,12.0
654,8.0
655,15.0
656,14.0
657,14.0
658,14.0
659,10.0
660,12.0
661,12.0
662,14.0
663,10.0
664,12.0
665,11.0
666,7.0
667,11.0
668,15.0
669,10.0
670,14.0
671,8.0
672,13.0
673,10.0
674,12.0
675,14.0
676,7.0
677,8.0
678,9.0
679,15.0
680,8.0
681,11.0
682,14.0
683,12.0
684,13.0
685,16.0
686,14.0
687,12.0
688,15.0
689,16.0
690,15.0
691,11.0
692,7.0
693,16.0
694,7.0
695,14.0
696,12.0
697,12.0
698,13.0
699,12.0
700,8.0
701,8.0
702,9.0
703,8.0
704,13.0
705,8.0
706,13.0
707,13.0
708,12.0
709,7.0
710,11.0
711,15.0
712,13.0
713,9.0
714,10.0
715,14.0
716,8.0
717,11.0
718,13.0
719,16.0
720,11.0
721,11.0
722,8.0
723,15.0
724,15.0
725,7.0
726,12.0
727,9.0
728,10.0
729,11.0
730,14.0
731,15.0
732,10.0
733,13.0
734,14.0
735,13.0
736,11.0
737,12.0
738,16.0
739,10.0
740,14.0
741,15.0
742,9.0
743,15.0
744,10.0
745,13.0
746,14.0
747,13.0
748,13.0
749,12.0
750,13.0
751,12.0
752,10.0
753,10.0
754,8.0
755,11.0
756,12.0
757,10.0
758,10.0
759,16.0
760,16.0
761,12.0
762,16.0
763,8.0
764,16.0
765,15.0
766,12.0
767,11.0
768,14.0
769,14.0
770,7.0
771,14.0
772,15.0
773,9.0
774,10.0
775,14.0
776,13.0
777,12.0
778,16.0
779,8.0
780,11.0
781,8.0
782,7.0
783,10.0
784,14.0
785,9.0
786,9.0
787,7.0
788,7.0
789,16.0
790,10.0
791,11.0
792,13.0
793,10.0
794,10.0
795,12.0
796,14.0
797,11.0
798,8.0
799,16.0
800,11.0
801,12.0
802,9.0
803,10.0
804,11.0
805,10.0
806,14.0
807,14.0
808,9.0
809,13.0
810,14.0
811,12.0
812,10.0
813,16.0
814,7.0
815,11.0
816,10.0
817,13.0
818,11.0
819,13.0
820,13.0
821,8.0
822,7.0
823,10.0
824,8.0
825,14.0
826,15.0
827,7.0
828,16.0
829,9.0
830,7.0
831,13.0
832,16.0
833,10.0
834,10.0
835,16.0
836,13.0
837,11.0
838,12.0
839,16.0
840,9.0
841,7.0
842,8.0
843,11.0
844,9.0
845,14.0
846,10.0
847,16.0
848,10.0
849,9.0
850,8.0
851,12.0
852,11.0
853,12.0
854,14.0
855,10.0
856,8.0
857,12.0
858,7.0
859,11.0
860,12.0
861,8.0
862,14.0
863,14.0
864,14.0
865,15.0
866,16.0
867,13.0
868,8.0
869,15.0
870,12.0
871,10.0
872,14.0
873,14.0
874,12.0
875,7.0
876,13.0
877,9.0
878,16.0
879,16.0
880,7.0
881,10.0
882,11.0
883,9.0
884,16.0
885,12.0
886,8.0
887,12.0
888,8.0
889,15.0
890,16.0
891,9.0
892,13.0
893,15.0
894,15.0
895,8.0
896,13.0
897,15.0
898,14.0
899,15.0
900,15.0
901,7.0
902,15.0
903,9.0
904,7.0
905,9.0
906,8.0
907,12.0
908,13.0
909,15.0
910,7.0
911,15.0
912,16.0
913,7.0
914,10.0
915,7.0
916,12.0
917,9.0
918,15.0
919,16.0
920,7.0
921,14.0
922,8.0
923,11.0
924,9.0
925,14.0
926,10.0
927,14.0
928,11.0
929,12.0
930,16.0
931,13.0
932,7.0
933,16.0
934,10.0
935,8.0
936,16.0
937,7.0
938,15.0
939,11.0
940,9.0
941,12.0
942,16.0
943,10.0
944,11.0
945,10.0
946,16.0
947,7.0
948,15.0
949,12.0
950,10.0
951,7.0
952,14.0
953,9.0
954,7.0
955,7.0
956,8.0
957,7.0
958,8.0
959,9.0
960,11.0
961,16.0
962,10.0
963,9.0
964,8.0
965,12.0
966,8.0
967,10.0
968,7.0
969,12.0
970,15.0
971,15.0
972,8.0
973,16.0
974,8.0
975,8.0
976,9.0
977,11.0
978,7.0
979,12.0
980,11.0
981,13.0
982,14.0
983,9.0
984,12.0
985,8.0
986,10.0
987,13.0
988,10.0
989,9.0
990,8.0
991,12.0
992,12.0
993,9.0
994,12.0
995,15.0
996,15.0
997,8.0
998,12.0
999,15.0
1000,15.0
